Process_ID,Interval,Layer,Sv_mean,NASC,Sv_max,Height_mean,Depth_mean,Date_M,Time_M,Lat_S,Lon_S,Lat_E,Lon_E,Lat_M,Lon_M,ABC
686,1,1,-67.236641,2035.952946,-48.382991,250,125,20040306, 19:52:50.0000,-62.78533737,-62.00113333,-62.78437167,-62.00115,-62.78533737,-62.00113333,4.72363E-05
686,2,1,-83.530104,47.799286,-65.340653,250,125,20040306, 19:53:30.0000,-62.78338489,-62.00118333,-62.7823859,-62.00123333,-62.78338489,-62.00118333,1.10899E-06
686,3,1,-80.047448,106.582776,-60.605531,250,125,20040306, 19:54:10.0000,-62.7814039,-62.00121732,-62.78041616,-62.00118333,-62.7814039,-62.00121732,2.47284E-06
686,4,1,-77.271391,201.972714,-59.210606,250,125,20040306, 19:55:10.0000,-62.77945319,-62.00115,-62.77750333,-62.00106667,-62.77846821,-62.0011,4.68598E-06
686,5,1,-74.132703,416.065389,-58.257745,250,125,20040306, 19:55:50.0000,-62.77651567,-62.00101667,-62.77554917,-62.001,-62.77651567,-62.00101667,9.65317E-06
686,6,1,-71.055657,845.018442,-53.287952,250,125,20040306, 19:56:30.0000,-62.77458714,-62.00098333,-62.77361567,-62.00095,-62.77458714,-62.00098333,1.96053E-05
686,7,1,-85.380118,31.219077,-69.78923,250,125,20040306, 19:57:30.0000,-62.7726539,-62.00090065,-62.77070125,-62.00075025,-62.77167067,-62.00085,7.24316E-07
686,8,1,-83.443237,48.764993,-69.220686,250,125,20040306, 19:58:10.0000,-62.76972057,-62.00065,-62.76873733,-62.00056733,-62.76972057,-62.00065,1.1314E-06
686,9,1,-86.257507,25.508278,-73.211471,250,125,20040306, 19:58:50.0000,-62.767754,-62.00048333,-62.76676567,-62.00033317,-62.767754,-62.00048333,5.9182E-07
686,10,1,-77.761269,180.428437,-61.102769,250,125,20040306, 19:59:50.0000,-62.76578291,-62.00018325,-62.76386567,-61.99988333,-62.76483233,-61.99999983,4.18613E-06
686,11,1,-74.72035,363.410015,-56.907089,250,125,20040306, 20:00:30.0000,-62.76288283,-61.99984992,-62.76189917,-61.99976667,-62.76288283,-61.99984992,8.4315E-06
686,12,1,-78.780005,142.702407,-63.058412,250,125,20040306, 20:01:10.0000,-62.76093233,-61.99965,-62.759949,-61.99953317,-62.76093233,-61.99965,3.31085E-06
686,13,1,-71.009598,854.027821,-52.194594,250,125,20040306, 20:01:50.0000,-62.75896821,-61.99940026,-62.75797065,-61.99931733,-62.75896821,-61.99940026,1.98144E-05
686,14,1,-80.655319,92.661636,-64.176237,250,125,20040306, 20:02:50.0000,-62.75697017,-61.99921725,-62.7549701,-61.99906667,-62.75597017,-61.99913392,2.14985E-06
686,15,1,-86.259284,25.497844,-71.315803,250,125,20040306, 20:03:30.0000,-62.75394902,-61.99899984,-62.75296517,-61.99893308,-62.75394902,-61.99899984,5.91577E-07
686,16,1,-72.16812,654.063367,-56.761713,250,125,20040306, 20:04:10.0000,-62.75196517,-61.9989,-62.75095429,-61.99891667,-62.75196517,-61.9989,1.5175E-05
686,17,1,-72.333405,629.638661,-55.661629,250,125,20040306, 20:04:50.0000,-62.74993283,-61.99898342,-62.74893286,-61.99908341,-62.74993283,-61.99898342,1.46083E-05
686,18,1,-77.821397,177.947616,-62.092818,250,125,20040306, 20:05:50.0000,-62.74793762,-61.99919929,-62.7459495,-61.99933325,-62.746952,-61.99928333,4.12858E-06
686,19,1,-77.085703,210.795615,-58.08853,250,125,20040306, 20:06:30.0000,-62.74496569,-61.99931667,-62.74398431,-61.99931667,-62.74496569,-61.99931667,4.89069E-06
686,20,1,-78.424716,154.86748,-61.097909,250,125,20040306, 20:07:10.0000,-62.74303433,-61.9993,-62.74205429,-61.99934929,-62.74303433,-61.9993,3.59309E-06
686,21,1,-75.271605,320.089468,-57.02932,250,125,20040306, 20:07:50.0000,-62.74108504,-61.99939966,-62.74008286,-61.99946667,-62.74108504,-61.99939966,7.42642E-06
686,22,1,-88.178039,16.391848,-68.483878,250,125,20040306, 20:08:50.0000,-62.7391,-61.99953333,-62.737152,-61.99965,-62.73813538,-61.9996,3.80309E-07
686,23,1,-95.058685,3.361734,-80.326244,250,125,20040306, 20:09:30.0000,-62.73616867,-61.99971667,-62.73518283,-61.99975008,-62.73616867,-61.99971667,7.79959E-08
686,24,1,-81.271947,80.396493,-61.98268,250,125,20040306, 20:10:10.0000,-62.73418283,-61.99985008,-62.73319951,-61.99995,-62.73418283,-61.99985008,1.86529E-06
686,25,1,-80.805614,89.509769,-61.281429,250,125,20040306, 20:11:10.0000,-62.73221867,-62.000033,-62.73023783,-62.0002,-62.73121617,-62.00011667,2.07672E-06
686,26,1,-78.517521,151.593195,-59.823578,250,125,20040306, 20:11:50.0000,-62.7292545,-62.00028333,-62.7282545,-62.00038333,-62.7292545,-62.00028333,3.51713E-06
686,27,1,-86.309009,25.207567,-66.975755,250,125,20040306, 20:12:30.0000,-62.72725205,-62.00045,-62.72625205,-62.00051667,-62.72725205,-62.00045,5.84843E-07
686,28,1,-95.014692,3.39596,-82.969366,250,125,20040306, 20:13:10.0000,-62.72525366,-62.00058333,-62.72423538,-62.00069966,-62.72525366,-62.00058333,7.87899E-08
686,29,1,-88.535288,15.097431,-70.955511,250,125,20040306, 20:14:10.0000,-62.72325205,-62.00078333,-62.72126872,-62.0009,-62.7222545,-62.00086667,3.50277E-07
686,30,1,-80.627652,93.253815,-67.287562,250,125,20040306, 20:14:50.0000,-62.72030435,-62.00093333,-62.71932117,-62.00101592,-62.72030435,-62.00093333,2.16359E-06
686,31,1,-78.055,168.628849,-64.837178,250,125,20040306, 20:15:30.0000,-62.71831867,-62.00105,-62.71733538,-62.00106667,-62.71831867,-62.00105,3.91237E-06
686,32,1,-72.838003,560.57224,-59.550803,250,125,20040306, 20:16:10.0000,-62.71635345,-62.00105,-62.71536872,-62.00106667,-62.71635345,-62.00105,1.30059E-05
686,33,1,-73.064112,532.1335,-58.915056,250,125,20040306, 20:17:10.0000,-62.71438783,-62.00108333,-62.712401,-62.00105,-62.71338683,-62.00108333,1.23461E-05
686,34,1,-75.011287,339.862442,-60.115902,250,125,20040306, 20:17:50.0000,-62.71143436,-62.00103333,-62.71044851,-62.00101667,-62.71143436,-62.00103333,7.88518E-06
686,35,1,-75.010591,339.916879,-58.029939,250,125,20040306, 20:18:30.0000,-62.70944899,-62.001,-62.70845408,-62.00098333,-62.70944899,-62.001,7.88644E-06
686,36,1,-77.156691,207.378028,-60.112241,250,125,20040306, 20:19:10.0000,-62.70747017,-62.00096667,-62.70648436,-62.0009335,-62.70747017,-62.00096667,4.81139E-06
686,37,1,-83.711294,45.846107,-64.266306,250,125,20040306, 20:20:10.0000,-62.70548675,-62.00093333,-62.70350103,-62.00098333,-62.70448733,-62.00096667,1.06368E-06
686,38,1,-91.265063,8.052404,-77.55508,250,125,20040306, 20:20:50.0000,-62.70253183,-62.001,-62.70156542,-62.00096667,-62.70253183,-62.001,1.86824E-07
686,39,1,-91.796555,7.12486,-80.475413,250,125,20040306, 20:21:30.0000,-62.70061517,-62.00096667,-62.69964876,-62.00095,-62.70061517,-62.00096667,1.65304E-07
686,40,1,-90.500458,9.602539,-75.294804,250,125,20040306, 20:22:30.0000,-62.6987035,-62.00095,-62.69680392,-62.00101667,-62.697754,-62.00098333,2.22789E-07
686,41,1,-86.381857,24.788266,-71.33227,250,125,20040306, 20:23:10.0000,-62.69585341,-62.00103333,-62.6949035,-62.00103333,-62.69585341,-62.00103333,5.75114E-07
686,42,1,-80.274591,101.151608,-65.022889,250,125,20040306, 20:23:50.0000,-62.693951,-62.0009835,-62.69300245,-62.00093382,-62.693951,-62.0009835,2.34683E-06
686,43,1,-85.193334,32.591058,-72.637829,250,125,20040306, 20:24:50.0000,-62.69205102,-62.0009,-62.69013633,-62.00093333,-62.69108733,-62.00091667,7.56148E-07
686,44,1,-78.865094,139.933749,-67.338857,250,125,20040306, 20:25:30.0000,-62.68916769,-62.0009,-62.688203,-62.00085,-62.68916769,-62.0009,3.24661E-06
686,45,1,-76.546436,238.664749,-60.615411,250,125,20040306, 20:26:10.0000,-62.68725294,-62.0008,-62.68628435,-62.00076667,-62.68725294,-62.0008,5.53728E-06
686,46,1,-74.993923,341.223971,-60.104054,250,125,20040306, 20:27:10.0000,-62.68535083,-62.00073333,-62.68341769,-62.0007,-62.68438627,-62.00073333,7.91676E-06
686,47,1,-72.140327,658.262577,-58.822414,250,125,20040306, 20:27:50.0000,-62.6824505,-62.00066667,-62.68148633,-62.00066667,-62.6824505,-62.00066667,1.52724E-05
686,48,1,-75.83627,281.063723,-62.54556,250,125,20040306, 20:28:30.0000,-62.68051967,-62.00061717,-62.67958383,-62.00058333,-62.68051967,-62.00061717,6.52098E-06
686,49,1,-73.640224,466.025227,-60.186698,250,125,20040306, 20:29:30.0000,-62.67863183,-62.00055,-62.67673134,-62.00043333,-62.67768633,-62.0005005,1.08123E-05
686,50,1,-70.829421,890.204326,-57.467499,250,125,20040306, 20:30:10.0000,-62.67578183,-62.00038333,-62.67483183,-62.0003,-62.67578183,-62.00038333,2.06537E-05
686,51,1,-78.158938,164.641025,-61.718278,250,125,20040306, 20:31:10.0000,-62.67386718,-62.00023342,-62.67196967,-62.00018333,-62.67291959,-62.00018333,3.81985E-06
686,52,1,-75.771755,285.27017,-60.704708,250,125,20040306, 20:31:50.0000,-62.6710005,-62.00011675,-62.67005041,-61.99995016,-62.6710005,-62.00011675,6.61858E-06
686,53,1,-66.068445,2664.325887,-53.180018,250,125,20040306, 20:32:30.0000,-62.66914833,-61.99939833,-62.66839833,-61.998364,-62.66914833,-61.99939833,6.18152E-05
686,54,1,-67.416055,1953.558287,-50.267034,250,125,20040306, 20:33:30.0000,-62.66771733,-61.99708467,-62.66633415,-61.9944513,-62.66705228,-61.99575455,4.53247E-05
686,55,1,-69.386194,1241.116296,-53.352629,250,125,20040306, 20:34:10.0000,-62.66561958,-61.99315408,-62.66488417,-61.99180133,-62.66561958,-61.99315408,2.87952E-05
686,56,1,-76.851837,222.458072,-62.505587,250,125,20040306, 20:34:50.0000,-62.664169,-61.99047133,-62.66341571,-61.98911476,-62.664169,-61.99047133,5.16127E-06
686,57,1,-66.516747,2403.018707,-52.269413,250,125,20040306, 20:35:50.0000,-62.66270068,-61.98776803,-62.66123209,-61.98504776,-62.661969,-61.98642133,5.57526E-05
686,58,1,-64.267686,4033.325611,-51.65525,250,125,20040306, 20:36:30.0000,-62.66048618,-61.98368846,-62.65973402,-61.98233487,-62.66048618,-61.98368846,9.35775E-05
686,59,1,-72.258186,640.63874,-57.409098,250,125,20040306, 20:37:10.0000,-62.65898398,-61.9810013,-62.65823402,-61.97966821,-62.65898398,-61.9810013,1.48635E-05
686,60,1,-76.773733,226.494966,-59.112824,250,125,20040306, 20:38:10.0000,-62.65748208,-61.978348,-62.65599875,-61.97568133,-62.65673233,-61.97699825,5.25493E-06
686,61,1,-91.061778,8.438282,-77.841166,250,125,20040306, 20:38:50.0000,-62.65524875,-61.974348,-62.65449867,-61.97299735,-62.65524875,-61.974348,1.95777E-07
686,62,1,-90.413615,9.796487,-75.977582,250,125,20040306, 20:39:30.0000,-62.65374905,-61.97163167,-62.65301501,-61.97029735,-62.65374905,-61.97163167,2.27289E-07
686,63,1,-93.637379,4.663307,-79.377039,250,125,20040306, 20:40:30.0000,-62.65226951,-61.96897122,-62.65080085,-61.96626803,-62.65153268,-61.96761536,1.08194E-07
686,64,1,-92.841329,5.601431,-79.881355,250,125,20040306, 20:41:10.0000,-62.65006731,-61.96496796,-62.64930278,-61.96363778,-62.65006731,-61.96496796,1.29959E-07
686,65,1,-91.591504,7.469326,-76.580602,250,125,20040306, 20:41:50.0000,-62.648549,-61.962348,-62.64779867,-61.96101401,-62.648549,-61.962348,1.73296E-07
686,66,1,-96.432205,2.450256,-86.295766,250,125,20040306, 20:42:50.0000,-62.64706752,-61.95970137,-62.64563167,-61.95699768,-62.64635233,-61.95833858,5.68486E-08
686,67,1,-96.341393,2.50203,-84.598922,250,125,20040306, 20:43:30.0000,-62.64488236,-61.95571472,-62.64413167,-61.954414,-62.64488236,-61.95571472,5.80498E-08
686,68,1,-93.50869,4.803556,-78.102268,250,125,20040306, 20:44:10.0000,-62.643384,-61.95310133,-62.64261912,-61.95180441,-62.643384,-61.95310133,1.11448E-07
686,69,1,-93.8001,4.491815,-78.864087,250,125,20040306, 20:45:10.0000,-62.64188167,-61.95049735,-62.6404019,-61.94783667,-62.64113233,-61.94916467,1.04215E-07
686,70,1,-82.808281,56.442178,-65.56017,250,125,20040306, 20:45:50.0000,-62.63964867,-61.94648068,-62.63890081,-61.94516796,-62.63964867,-61.94648068,1.30952E-06
686,71,1,-93.273809,5.070502,-78.858093,250,125,20040306, 20:46:30.0000,-62.638132,-61.94383067,-62.63738171,-61.94253073,-62.638132,-61.94383067,1.17641E-07
686,72,1,-92.522866,6.027611,-77.966417,250,125,20040306, 20:47:30.0000,-62.6366154,-61.94121413,-62.63509841,-61.93854746,-62.63585238,-61.93988714,1.39847E-07
686,73,1,-89.652962,11.671741,-70.496331,250,125,20040306, 20:48:10.0000,-62.63433208,-61.93718132,-62.63358525,-61.93580431,-62.63433208,-61.93718132,2.70797E-07
686,74,1,-83.158672,52.067253,-66.825229,250,125,20040306, 20:48:50.0000,-62.63283375,-61.93440075,-62.63210033,-61.93300067,-62.63283375,-61.93440075,1.20802E-06
686,75,1,-95.763692,2.858003,-81.950118,250,125,20040306, 20:49:30.0000,-62.63135033,-61.93161742,-62.63059833,-61.93023067,-62.63135033,-61.93161742,6.63088E-08
686,76,1,-93.269762,5.075229,-76.766298,250,125,20040306, 20:50:30.0000,-62.62983175,-61.92884714,-62.62831537,-61.9261474,-62.62906905,-61.92748714,1.17751E-07
686,77,1,-97.311646,2.001093,-86.251421,250,125,20040306, 20:51:10.0000,-62.62758175,-61.92479714,-62.62681537,-61.92343073,-62.62758175,-61.92479714,4.64275E-08
686,78,1,-95.547673,3.003755,-80.383182,250,125,20040306, 20:51:50.0000,-62.62605043,-61.92208402,-62.62529841,-61.92074714,-62.62605043,-61.92208402,6.96904E-08
686,79,1,-91.490509,7.645061,-74.787448,250,125,20040306, 20:52:50.0000,-62.62455237,-61.91942046,-62.62304841,-61.91671381,-62.62379867,-61.918064,1.77374E-07
686,80,1,-91.578421,7.491862,-77.273191,250,125,20040306, 20:53:30.0000,-62.62228171,-61.91533073,-62.62153583,-61.914004,-62.62228171,-61.91533073,1.73819E-07
686,81,1,-87.061962,21.195111,-70.102646,250,125,20040306, 20:54:10.0000,-62.62078136,-61.91266351,-62.62003524,-61.91130381,-62.62078136,-61.91266351,4.91749E-07
686,82,1,-89.187886,12.991019,-72.430298,250,125,20040306, 20:54:50.0000,-62.61926707,-61.90998398,-62.61849837,-61.90863073,-62.61926707,-61.90998398,3.01406E-07
686,83,1,-91.787329,7.140013,-78.340361,250,125,20040306, 20:55:50.0000,-62.617732,-61.90728033,-62.61618583,-61.90457117,-62.61696701,-61.90591744,1.65656E-07
686,84,1,-90.790238,8.982724,-79.373299,250,125,20040306, 20:56:30.0000,-62.61540238,-61.90322048,-62.61463175,-61.90188048,-62.61540238,-61.90322048,2.08409E-07
686,85,1,-90.50936,9.582875,-82.014192,250,125,20040306, 20:57:10.0000,-62.61384867,-61.90054733,-62.61308524,-61.89918762,-62.61384867,-61.90054733,2.22333E-07
686,86,1,-89.779014,11.337844,-74.300894,250,125,20040306, 20:57:50.0000,-62.61231708,-61.89781733,-62.61156501,-61.89644735,-62.61231708,-61.89781733,2.6305E-07
686,87,1,-89.964362,10.864147,-74.239095,250,125,20040306, 20:58:50.0000,-62.61080042,-61.89508408,-62.60931699,-61.8923839,-62.61004867,-61.89373067,2.5206E-07
686,88,1,-93.562784,4.744096,-83.166547,250,125,20040306, 20:59:30.0000,-62.60855238,-61.89105333,-62.60781533,-61.889714,-62.60855238,-61.89105333,1.10068E-07
686,89,1,-90.309652,10.033827,-76.90159,250,125,20040306, 21:00:10.0000,-62.60706533,-61.88838067,-62.60631857,-61.88710333,-62.60706533,-61.88838067,2.32796E-07
686,90,1,-87.76252,18.037645,-73.169246,250,125,20040306, 21:01:10.0000,-62.60556499,-61.88574732,-62.604067,-61.88310067,-62.60481459,-61.88443002,4.18493E-07
686,91,1,-89.67876,11.602614,-76.76012,250,125,20040306, 21:01:50.0000,-62.60333167,-61.88179733,-62.60259837,-61.88046407,-62.60333167,-61.88179733,2.69193E-07
686,92,1,-94.044136,4.246374,-80.606861,250,125,20040306, 21:02:30.0000,-62.60185043,-61.87911735,-62.60111499,-61.87779732,-62.60185043,-61.87911735,9.85205E-08
686,93,1,-94.590536,3.744365,-84.361775,250,125,20040306, 21:03:30.0000,-62.60039842,-61.87651351,-62.59896701,-61.87388402,-62.599682,-61.87521367,8.68733E-08
686,94,1,-92.085948,6.665566,-82.498793,250,125,20040306, 21:04:10.0000,-62.59823492,-61.87255317,-62.59748199,-61.87123065,-62.59823492,-61.87255317,1.54648E-07
686,95,1,-92.279003,6.375755,-82.045633,250,125,20040306, 21:04:50.0000,-62.59675034,-61.86995068,-62.5959987,-61.86863073,-62.59675034,-61.86995068,1.47924E-07
686,96,1,-74.717791,363.624173,-56.893411,250,125,20040306, 21:05:50.0000,-62.59525199,-61.86731986,-62.59373367,-61.86463401,-62.59448374,-61.86600065,8.43647E-06
686,97,1,-94.427033,3.88802,-82.58212,250,125,20040306, 21:06:30.0000,-62.59298171,-61.86323073,-62.59223125,-61.86186333,-62.59298171,-61.86323073,9.02063E-08
686,98,1,-94.397367,3.914669,-82.722839,250,125,20040306, 21:07:10.0000,-62.59146707,-61.86050065,-62.59071709,-61.85916735,-62.59146707,-61.86050065,9.08246E-08
686,99,1,-88.691482,14.5641,-76.464666,250,125,20040306, 21:08:10.0000,-62.58994792,-61.85784667,-62.5884317,-61.85514739,-62.58919802,-61.85649722,3.37903E-07
686,100,1,-89.752991,11.405984,-75.044053,250,125,20040306, 21:08:50.0000,-62.58768167,-61.85374667,-62.58693167,-61.85237958,-62.58768167,-61.85374667,2.64631E-07
686,101,1,-73.971506,431.798578,-58.150157,250,125,20040306, 21:09:30.0000,-62.5861813,-61.85101341,-62.58543125,-61.84968,-62.5861813,-61.85101341,1.00182E-05
686,102,1,-76.857118,222.187707,-60.221017,250,125,20040306, 21:10:10.0000,-62.58466667,-61.84833333,-62.5839,-61.84698333,-62.58466667,-61.84833333,5.15499E-06
686,103,1,-85.769818,28.539744,-67.581064,250,125,20040306, 21:11:10.0000,-62.58315,-61.84561667,-62.58166468,-61.84284643,-62.58239837,-61.84421341,6.62153E-07
686,104,1,-93.296923,5.043587,-81.258883,250,125,20040306, 21:11:50.0000,-62.5809,-61.84146667,-62.58014797,-61.84009675,-62.5809,-61.84146667,1.17017E-07
686,105,1,-72.954897,545.685216,-55.053485,250,125,20040306, 21:12:30.0000,-62.57940159,-61.83871986,-62.57864832,-61.83734665,-62.57940159,-61.83871986,1.26605E-05
686,106,1,-93.282323,5.060572,-83.584094,250,125,20040306, 21:13:30.0000,-62.57791667,-61.836,-62.57643333,-61.83335,-62.57718166,-61.83466399,1.17411E-07
686,107,1,-93.020938,5.3745,-81.107527,250,125,20040306, 21:14:10.0000,-62.5757,-61.832,-62.57495,-61.83065,-62.5757,-61.832,1.24694E-07
686,108,1,-89.925154,10.962674,-79.175342,250,125,20040306, 21:14:50.0000,-62.57419833,-61.82928,-62.57345203,-61.82790325,-62.57419833,-61.82928,2.54346E-07
686,109,1,-90.033111,10.693521,-78.740354,250,125,20040306, 21:15:30.0000,-62.57268333,-61.82653333,-62.57193167,-61.82516333,-62.57268333,-61.82653333,2.48101E-07
686,110,1,-90.531566,9.534001,-78.550133,250,125,20040306, 21:16:30.0000,-62.571165,-61.82377958,-62.56966833,-61.82097042,-62.57041667,-61.82236667,2.21199E-07
686,111,1,-90.386995,9.856717,-80.506618,250,125,20040306, 21:17:10.0000,-62.56891833,-61.81958667,-62.56816457,-61.81819665,-62.56891833,-61.81958667,2.28686E-07
686,112,1,-87.017853,21.411471,-72.225665,250,125,20040306, 21:17:50.0000,-62.5674,-61.81681667,-62.56664797,-61.81546341,-62.5674,-61.81681667,4.96769E-07
686,113,1,-100.034263,1.069069,-87.609363,250,125,20040306, 21:18:50.0000,-62.56590159,-61.81410317,-62.56443125,-61.81136333,-62.56516458,-61.81271333,2.48036E-08
686,114,1,-97.378714,1.970428,-86.583625,250,125,20040306, 21:19:30.0000,-62.5636813,-61.81003049,-62.56293333,-61.8087,-62.5636813,-61.81003049,4.57161E-08
686,115,1,-95.216527,3.241747,-86.64949,250,125,20040306, 21:20:10.0000,-62.56220167,-61.80737,-62.56145,-61.80603333,-62.56220167,-61.80737,7.5212E-08
686,116,1,-95.307988,3.174191,-86.987971,250,125,20040306, 21:21:10.0000,-62.56071667,-61.80471667,-62.55921667,-61.80208333,-62.55995,-61.80341667,7.36447E-08
686,117,1,-94.538812,3.789228,-85.472792,250,125,20040306, 21:21:50.0000,-62.558465,-61.80074667,-62.55773175,-61.79939683,-62.558465,-61.80074667,8.79142E-08
686,118,1,-96.031605,2.687023,-86.905431,250,125,20040306, 21:22:30.0000,-62.557,-61.79806667,-62.55624837,-61.79673008,-62.557,-61.79806667,6.23418E-08
686,119,1,-96.384741,2.477181,-85.425248,250,125,20040306, 21:23:30.0000,-62.55549757,-61.79541278,-62.55401463,-61.79278008,-62.55474837,-61.79409675,5.74733E-08
686,120,1,-95.325014,3.161771,-87.322413,250,125,20040306, 21:24:10.0000,-62.55326504,-61.79147967,-62.55253124,-61.79016332,-62.55326504,-61.79147967,7.33565E-08
686,121,1,-95.369446,3.129588,-85.365322,250,125,20040306, 21:24:50.0000,-62.55175,-61.78883333,-62.5509813,-61.78751341,-62.55175,-61.78883333,7.26098E-08
686,122,1,-93.33332,5.001495,-78.111338,250,125,20040306, 21:25:30.0000,-62.55021794,-61.78618587,-62.54946467,-61.7848965,-62.55021794,-61.78618587,1.1604E-07
686,123,1,-97.044852,2.127878,-85.318053,250,125,20040306, 21:26:30.0000,-62.54869806,-61.78357994,-62.5472,-61.78101667,-62.54795127,-61.78230254,4.93691E-08
686,124,1,-96.73315,2.286214,-85.880993,250,125,20040306, 21:27:10.0000,-62.54643333,-61.77973333,-62.54566667,-61.77845,-62.54643333,-61.77973333,5.30426E-08
686,125,1,-96.416305,2.459242,-85.587214,250,125,20040306, 21:27:50.0000,-62.54491417,-61.777146,-62.54416667,-61.77586667,-62.54491417,-61.777146,5.70571E-08
686,126,1,-92.266579,6.39402,-76.430143,250,125,20040306, 21:28:50.0000,-62.54343139,-61.77456278,-62.54201472,-61.77189612,-62.54273091,-61.77321278,1.48348E-07
686,127,1,-89.493891,12.107174,-79.921525,250,125,20040306, 21:29:30.0000,-62.54129967,-61.770616,-62.54058293,-61.7693161,-62.54129967,-61.770616,2.80899E-07
686,128,1,-88.961906,13.684889,-73.121763,250,125,20040306, 21:30:30.0000,-62.53984756,-61.76807943,-62.53840127,-61.76555254,-62.53911457,-61.76684665,3.17504E-07
686,129,1,-87.841319,17.713317,-73.547036,250,125,20040306, 21:31:10.0000,-62.53776524,-61.76419619,-62.53721632,-61.76274923,-62.53776524,-61.76419619,4.10968E-07
686,130,1,-89.929697,10.95121,-75.926248,250,125,20040306, 21:32:10.0000,-62.536648,-61.76126217,-62.53546467,-61.75826267,-62.53606633,-61.75974925,2.5408E-07
686,131,1,-92.276968,6.378742,-83.163252,250,125,20040306, 21:32:50.0000,-62.53486641,-61.75678256,-62.53428143,-61.75526238,-62.53486641,-61.75678256,1.47994E-07
686,132,1,-91.235385,8.107618,-79.764274,250,125,20040306, 21:33:50.0000,-62.53368138,-61.75377846,-62.53249779,-61.75072836,-62.53306641,-61.75224923,1.88105E-07
686,133,1,-93.065263,5.319926,-81.97979,250,125,20040306, 21:34:30.0000,-62.53191738,-61.74918549,-62.53131633,-61.74768258,-62.53191738,-61.74918549,1.23428E-07
686,134,1,-94.630124,3.710389,-85.411151,250,125,20040306, 21:35:10.0000,-62.53071633,-61.74614917,-62.53011738,-61.74465214,-62.53071633,-61.74614917,8.6085E-08
686,135,1,-96.961978,2.168872,-84.92467,250,125,20040306, 21:36:10.0000,-62.52951492,-61.74312808,-62.52833183,-61.74002881,-62.52891523,-61.74159569,5.03202E-08
686,136,1,-101.44008,0.773435,-87.64932,250,125,20040306, 21:36:50.0000,-62.52774825,-61.73847808,-62.52718167,-61.73696167,-62.52774825,-61.73847808,1.79445E-08
686,137,1,-75.579314,298.195075,-57.428017,250,125,20040306, 21:37:50.0000,-62.52660098,-61.73543578,-62.5254319,-61.73241284,-62.52601642,-61.733916,6.91845E-06
686,138,1,-101.067916,0.842636,-88.553696,250,125,20040306, 21:38:30.0000,-62.52483429,-61.73091881,-62.524231,-61.72941142,-62.52483429,-61.73091881,1.95501E-08
686,139,1,-99.288983,1.26921,-85.066437,250,125,20040306, 21:39:30.0000,-62.52361493,-61.72791144,-62.52243106,-61.72489488,-62.52301762,-61.72641882,2.9447E-08
686,140,1,-97.785484,1.794252,-86.015297,250,125,20040306, 21:40:10.0000,-62.5218346,-61.72338618,-62.52123429,-61.72188548,-62.5218346,-61.72338618,4.16286E-08
686,141,1,-97.187419,2.059159,-82.37379,250,125,20040306, 21:40:50.0000,-62.52063159,-61.72037811,-62.52004772,-61.71887878,-62.52063159,-61.72037811,4.77747E-08
686,142,1,-96.956453,2.171633,-86.53839,250,125,20040306, 21:41:50.0000,-62.51944799,-61.71739548,-62.51828134,-61.71437886,-62.51886516,-61.71587881,5.03842E-08
686,143,1,-96.747095,2.278884,-84.301715,250,125,20040306, 21:42:30.0000,-62.51768183,-61.71286167,-62.51711797,-61.71130293,-62.51768183,-61.71286167,5.28726E-08
686,144,1,-95.82468,2.818148,-78.090145,250,125,20040306, 21:43:30.0000,-62.51653309,-61.7097326,-62.51539825,-61.70669533,-62.51596615,-61.70819846,6.53841E-08
686,145,1,-71.487659,765.007857,-53.915356,250,125,20040306, 21:44:10.0000,-62.51484932,-61.70521513,-62.51426615,-61.70368197,-62.51484932,-61.70521513,1.7749E-05
686,146,1,-97.537971,1.89948,-84.497485,250,125,20040306, 21:45:10.0000,-62.51371598,-61.70223179,-62.51253429,-61.69926881,-62.51313111,-61.700745,4.407E-08
686,147,1,-95.221602,3.237961,-81.851523,250,125,20040306, 21:45:50.0000,-62.5119674,-61.69776886,-62.51138167,-61.696245,-62.5119674,-61.69776886,7.51242E-08
686,148,1,-93.757532,4.536059,-82.444572,250,125,20040306, 21:46:50.0000,-62.51081615,-61.69473179,-62.50966492,-61.69171142,-62.51024765,-61.69321139,1.05241E-07
686,149,1,-90.399041,9.829416,-72.117547,250,125,20040306, 21:47:30.0000,-62.50908163,-61.69019431,-62.50849933,-61.68866517,-62.50908163,-61.69019431,2.28053E-07
686,150,1,-96.052296,2.674252,-83.456079,250,125,20040306, 21:48:30.0000,-62.50791433,-61.68714475,-62.50673429,-61.68410239,-62.50733405,-61.68563548,6.20455E-08
686,151,1,-92.816754,5.633216,-79.819333,250,125,20040306, 21:49:10.0000,-62.506166,-61.68258183,-62.50558283,-61.68106517,-62.506166,-61.68258183,1.30697E-07
686,152,1,-94.68562,3.663278,-80.285748,250,125,20040306, 21:50:10.0000,-62.5049995,-61.67956517,-62.50381632,-61.67651589,-62.504415,-61.67802833,8.4992E-08
686,153,1,-97.191732,2.057115,-86.052478,250,125,20040306, 21:50:50.0000,-62.50321492,-61.67499417,-62.50261496,-61.67349488,-62.50321492,-61.67499417,4.77273E-08
686,154,1,-103.706382,0.45898,-92.951742,250,125,20040306, 21:51:30.0000,-62.502016,-61.67198183,-62.50143285,-61.6704652,-62.502016,-61.67198183,1.06488E-08
686,155,1,-97.965773,1.721292,-84.76453,250,125,20040306, 21:52:30.0000,-62.50086598,-61.66894846,-62.49970075,-61.66593558,-62.50028106,-61.66746154,3.99358E-08
686,156,1,-98.020669,1.699671,-84.050252,250,125,20040306, 21:53:10.0000,-62.49913282,-61.66443179,-62.49854949,-61.66291513,-62.49913282,-61.66443179,3.94342E-08
686,157,1,-94.753176,3.606735,-82.34655,250,125,20040306, 21:54:10.0000,-62.49796767,-61.66141892,-62.49676496,-61.65839488,-62.49736472,-61.65987751,8.36802E-08
686,158,1,-95.696456,2.902594,-80.64296,250,125,20040306, 21:54:50.0000,-62.49618106,-61.65692821,-62.49558074,-61.65546084,-62.49618106,-61.65692821,6.73433E-08
686,159,1,-99.244454,1.282291,-84.299242,250,125,20040306, 21:55:50.0000,-62.49498074,-61.65397751,-62.49376408,-61.65101084,-62.49434829,-61.65249488,2.97505E-08
686,160,1,-103.714406,0.458133,-91.484575,250,125,20040306, 21:56:30.0000,-62.49314772,-61.64952764,-62.49256598,-61.64799846,-62.49314772,-61.64952764,1.06292E-08
686,161,1,-100.937047,0.868415,-88.457944,250,125,20040306, 21:57:30.0000,-62.49194829,-61.64646211,-62.49078139,-61.64344417,-62.49134806,-61.64496084,2.01482E-08
686,162,1,-95.173454,3.274059,-81.93072,250,125,20040306, 21:58:10.0000,-62.49021401,-61.64192736,-62.48964931,-61.64044845,-62.49021401,-61.64192736,7.59617E-08
686,163,1,-92.104511,6.637137,-72.631219,250,125,20040306, 21:59:10.0000,-62.48903106,-61.63897821,-62.48778282,-61.63603179,-62.48841439,-61.63751154,1.53989E-07
686,164,1,-102.203299,0.648787,-87.095267,250,125,20040306, 21:59:50.0000,-62.48718265,-61.63453197,-62.48656617,-61.633065,-62.48718265,-61.63453197,1.50526E-08
686,165,1,-98.524727,1.513419,-84.447406,250,125,20040306, 22:00:30.0000,-62.48598265,-61.63154829,-62.48539733,-61.63001067,-62.48598265,-61.63154829,3.5113E-08
686,166,1,-98.781665,1.426479,-86.435262,250,125,20040306, 22:01:30.0000,-62.4848159,-61.62853103,-62.48361564,-61.62554769,-62.48423231,-61.62703103,3.30958E-08
686,167,1,-96.068495,2.664295,-80.698108,250,125,20040306, 22:02:10.0000,-62.48299932,-61.62409846,-62.48241407,-61.6226448,-62.48299932,-61.62409846,6.18145E-08
686,168,1,-99.257069,1.278571,-84.448069,250,125,20040306, 22:03:10.0000,-62.48183138,-61.62117748,-62.48071472,-61.61826081,-62.4812659,-61.61974769,2.96642E-08
686,169,1,-98.696678,1.454669,-87.846217,250,125,20040306, 22:03:50.0000,-62.48013256,-61.61681462,-62.47954897,-61.61541436,-62.48013256,-61.61681462,3.37499E-08
686,170,1,-84.558389,37.721847,-67.183071,250,125,20040306, 22:04:50.0000,-62.47893231,-61.61398103,-62.4777474,-61.6110948,-62.47831472,-61.61254415,8.75188E-07
686,171,1,-76.939358,218.019842,-59.016088,250,125,20040306, 22:05:30.0000,-62.47718397,-61.6096681,-62.4765974,-61.60821081,-62.47718397,-61.6096681,5.0583E-06
686,172,1,-86.83151,22.350172,-70.666195,250,125,20040306, 22:06:30.0000,-62.47598256,-61.60676462,-62.47479805,-61.60387748,-62.47539709,-61.60532751,5.18548E-07
686,173,1,-92.507901,6.048418,-82.224399,250,125,20040306, 22:07:30.0000,-62.47423138,-61.60244415,-62.47304923,-61.59964769,-62.47363138,-61.60102813,1.4033E-07
686,174,1,-81.89723,69.615959,-66.725534,250,125,20040306, 22:08:10.0000,-62.47248231,-61.59826436,-62.47191472,-61.59687813,-62.47248231,-61.59826436,1.61517E-06
686,175,1,-95.952544,2.736386,-86.968152,250,125,20040306, 22:09:10.0000,-62.47138067,-61.595478,-62.470249,-61.592648,-62.47079799,-61.59404464,6.34871E-08
686,176,1,-97.370153,1.974315,-86.938319,250,125,20040306, 22:09:50.0000,-62.469649,-61.59123133,-62.46908138,-61.58986081,-62.469649,-61.59123133,4.58062E-08
686,177,1,-78.445976,154.111221,-62.181956,250,125,20040306, 22:10:50.0000,-62.46856476,-61.58847762,-62.46743138,-61.58564415,-62.467999,-61.587048,3.57555E-06
686,178,1,-77.890882,175.12318,-59.887058,250,125,20040306, 22:11:30.0000,-62.46683133,-61.58419467,-62.46628133,-61.58276133,-62.46683133,-61.58419467,4.06305E-06
686,179,1,-76.918655,219.061646,-59.358683,250,125,20040306, 22:12:30.0000,-62.46573382,-61.58135146,-62.46463067,-61.578494,-62.46516592,-61.57993108,5.08247E-06
686,180,1,-76.279291,253.806487,-57.235215,250,125,20040306, 22:13:30.0000,-62.46408258,-61.57708133,-62.46306567,-61.57426442,-62.46356714,-61.5756681,5.88858E-06
686,181,1,-73.436346,488.424332,-61.311006,250,125,20040306, 22:14:10.0000,-62.4625159,-61.57283128,-62.461964,-61.57142733,-62.4625159,-61.57283128,1.1332E-05
686,182,1,-88.435495,15.448358,-74.020558,250,125,20040306, 22:15:10.0000,-62.46138231,-61.56999769,-62.4602974,-61.56717748,-62.46083256,-61.56858103,3.58419E-07
686,183,1,-83.271673,50.729962,-66.345683,250,125,20040306, 22:16:10.0000,-62.45973256,-61.56574795,-62.45863138,-61.5629448,-62.45916472,-61.56432813,1.17699E-06
686,184,1,-87.55739,18.910058,-71.854472,250,125,20040306, 22:16:50.0000,-62.45809923,-61.56151435,-62.45758233,-61.56006442,-62.45809923,-61.56151435,4.38734E-07
686,185,1,-80.590516,94.05465,-62.587812,250,125,20040306, 22:17:50.0000,-62.45704709,-61.55861011,-62.45596448,-61.55581084,-62.45651448,-61.55719345,2.18217E-06
686,186,1,-85.392196,31.132374,-70.798766,250,125,20040306, 22:18:50.0000,-62.45541589,-61.5544146,-62.45438256,-61.55163101,-62.45491589,-61.5530146,7.22305E-07
686,187,1,-88.196793,16.321217,-72.3076,250,125,20040306, 22:19:30.0000,-62.45383256,-61.55023127,-62.45324923,-61.54884794,-62.45383256,-61.55023127,3.7867E-07
686,188,1,-97.450129,1.938291,-83.285634,250,125,20040306, 22:20:30.0000,-62.45269923,-61.5474646,-62.4516323,-61.54461435,-62.45214923,-61.54604768,4.49704E-08
686,189,1,-95.496466,3.039382,-83.765952,250,125,20040306, 22:21:10.0000,-62.45106564,-61.5431806,-62.45053197,-61.54179692,-62.45106564,-61.5431806,7.05169E-08
686,190,1,-96.388973,2.474768,-84.495031,250,125,20040306, 22:22:10.0000,-62.44996564,-61.5403806,-62.44893231,-61.53756393,-62.44944786,-61.53899357,5.74173E-08
686,191,1,-97.223636,2.042059,-83.829073,250,125,20040306, 22:23:10.0000,-62.44839774,-61.53611064,-62.44734863,-61.53329692,-62.44786564,-61.5346806,4.7378E-08
686,192,1,-88.802829,14.195442,-74.835508,250,125,20040306, 22:23:50.0000,-62.44681374,-61.53189341,-62.44628231,-61.5304806,-62.44681374,-61.53189341,3.2935E-07
686,193,1,-93.063739,5.321793,-78.671059,250,125,20040306, 22:24:50.0000,-62.4457653,-61.52909726,-62.44466447,-61.52632675,-62.4451978,-61.52771081,1.23471E-07
686,194,1,-93.141675,5.227143,-77.865044,250,125,20040306, 22:25:50.0000,-62.44414863,-61.52493026,-62.44309863,-61.5221806,-62.44361447,-61.52356081,1.21275E-07
686,195,1,-94.709214,3.64343,-81.879235,250,125,20040306, 22:26:50.0000,-62.44255024,-61.52081738,-62.44149897,-61.51809726,-62.44203231,-61.51946393,8.45315E-08
686,196,1,-91.39987,7.806293,-76.762904,250,125,20040306, 22:27:30.0000,-62.44096447,-61.51671008,-62.44041447,-61.51527675,-62.44096447,-61.51671008,1.81114E-07
686,197,1,-96.843859,2.228671,-83.686962,250,125,20040306, 22:28:30.0000,-62.439899,-61.51388067,-62.43886567,-61.511147,-62.43936564,-61.51251359,5.17076E-08
686,198,1,-91.860141,7.021304,-73.08338,250,125,20040306, 22:29:30.0000,-62.43831447,-61.50976081,-62.43723197,-61.50699726,-62.43778231,-61.50839726,1.62902E-07
686,199,1,-69.32104,1259.876021,-55.345451,250,125,20040306, 22:30:10.0000,-62.43668108,-61.50560992,-62.43614902,-61.50423073,-62.43668108,-61.50560992,2.92305E-05
686,200,1,-100.465612,0.967989,-85.783426,250,125,20040306, 22:31:10.0000,-62.43559774,-61.50287655,-62.43449897,-61.5000806,-62.43504897,-61.5014806,2.24584E-08
686,201,1,-101.089267,0.838504,-86.549396,250,125,20040306, 22:31:50.0000,-62.43393108,-61.49867658,-62.433397,-61.49726067,-62.43393108,-61.49867658,1.94542E-08
686,202,1,-94.227645,4.070684,-76.402595,250,125,20040306, 22:32:50.0000,-62.43283197,-61.4958306,-62.43174786,-61.49297762,-62.43228114,-61.49441081,9.44443E-08
686,203,1,-101.235267,0.810784,-85.586044,250,125,20040306, 22:33:50.0000,-62.43121381,-61.49154429,-62.43011691,-61.48875065,-62.43066569,-61.49011407,1.88111E-08
686,204,1,-94.740614,3.617182,-81.755326,250,125,20040306, 22:34:30.0000,-62.42954707,-61.48734341,-62.42896442,-61.48591067,-62.42954707,-61.48734341,8.39225E-08
686,205,1,-90.246441,10.180937,-70.865157,250,125,20040306, 22:35:30.0000,-62.42844867,-61.48451367,-62.4273478,-61.48171008,-62.42790024,-61.48310071,2.36209E-07
686,206,1,-93.028146,5.365587,-76.355794,250,125,20040306, 22:36:30.0000,-62.42679676,-61.48029272,-62.42564897,-61.47743026,-62.42623357,-61.47885071,1.24487E-07
686,207,1,-86.544824,23.875335,-69.048576,250,125,20040306, 22:37:10.0000,-62.42511537,-61.47601407,-62.42456533,-61.474564,-62.42511537,-61.47601407,5.53934E-07
686,208,1,-92.145995,6.574041,-74.444177,250,125,20040306, 22:38:10.0000,-62.4240153,-61.4731306,-62.42276667,-61.47068333,-62.4234,-61.47185,1.52525E-07
686,209,1,-93.352686,4.979243,-78.889923,250,125,20040306, 22:38:50.0000,-62.42206333,-61.46954417,-62.42139828,-61.46839759,-62.42206333,-61.46954417,1.15524E-07
686,210,1,-96.733858,2.285841,-81.496016,250,125,20040306, 22:39:50.0000,-62.42071301,-61.46724488,-62.41949751,-61.46469337,-62.4200475,-61.46602667,5.3034E-08
686,211,1,-95.608173,2.962201,-81.218257,250,125,20040306, 22:40:50.0000,-62.41896441,-61.46336064,-62.41791592,-61.46066467,-62.41843235,-61.46201405,6.87263E-08
686,212,1,-94.114769,4.17787,-77.936889,250,125,20040306, 22:41:30.0000,-62.4174,-61.45926667,-62.41686667,-61.45788333,-62.4174,-61.45926667,9.69311E-08
686,213,1,-90.145489,10.420365,-72.362412,250,125,20040306, 22:42:30.0000,-62.41634902,-61.45651373,-62.41529829,-61.45386282,-62.41583333,-61.45516667,2.41764E-07
686,214,1,-92.657122,5.844126,-73.552963,250,125,20040306, 22:43:30.0000,-62.41476349,-61.45251032,-62.41366542,-61.44981292,-62.4142,-61.45118333,1.3559E-07
686,215,1,-99.72496,1.147984,-82.894572,250,125,20040306, 22:44:30.0000,-62.41314833,-61.44843,-62.412065,-61.44568,-62.41259756,-61.44702683,2.66345E-08
686,216,1,-91.728669,7.237106,-74.197844,250,125,20040306, 22:45:10.0000,-62.41153016,-61.44430952,-62.411,-61.44291667,-62.41153016,-61.44430952,1.67909E-07
686,217,1,-98.663508,1.465821,-79.266735,250,125,20040306, 22:46:10.0000,-62.41046417,-61.44151,-62.40938333,-61.4388,-62.40993167,-61.44014625,3.40086E-08
686,218,1,-96.530171,2.395602,-77.571014,250,125,20040306, 22:47:10.0000,-62.40884667,-61.43746,-62.40775,-61.43473333,-62.4083,-61.4361,5.55806E-08
686,219,1,-100.751631,0.906293,-85.808465,250,125,20040306, 22:47:50.0000,-62.40721417,-61.43336,-62.40668208,-61.43201333,-62.40721417,-61.43336,2.1027E-08
686,220,1,-97.895507,1.749368,-80.079467,250,125,20040306, 22:48:50.0000,-62.40614833,-61.43066333,-62.40501667,-61.428,-62.40558083,-61.4293275,4.05872E-08
686,221,1,-95.774066,2.851184,-78.535613,250,125,20040306, 22:49:50.0000,-62.40448208,-61.42666333,-62.40339762,-61.42397698,-62.40393089,-61.42537602,6.61505E-08
686,222,1,-95.515258,3.026259,-82.873434,250,125,20040306, 22:50:30.0000,-62.402864,-61.42262621,-62.40231423,-61.42127683,-62.402864,-61.42262621,7.02125E-08
686,223,1,-93.292259,5.049007,-76.741659,250,125,20040306, 22:51:30.0000,-62.40173095,-61.41994365,-62.40059756,-61.41724431,-62.40116423,-61.41857683,1.17142E-07
686,224,1,-92.843336,5.598842,-75.336874,250,125,20040306, 22:52:30.0000,-62.40003208,-61.41593,-62.39886349,-61.41329444,-62.39948039,-61.41456078,1.29899E-07
686,225,1,-94.568298,3.763588,-80.478961,250,125,20040306, 22:53:10.0000,-62.39824713,-61.41206093,-62.39763333,-61.41081667,-62.39824713,-61.41206093,8.73193E-08
686,226,1,-94.303407,4.000287,-78.172915,250,125,20040306, 22:54:10.0000,-62.39701417,-61.40954333,-62.39581496,-61.40706368,-62.396415,-61.40829708,9.2811E-08
686,227,1,-94.39175,3.919736,-78.965568,250,125,20040306, 22:55:10.0000,-62.39521417,-61.40582667,-62.39403333,-61.40335,-62.39461417,-61.4045775,9.09421E-08
686,228,1,-95.488156,3.045203,-83.006435,250,125,20040306, 22:55:50.0000,-62.39343205,-61.40209701,-62.39284726,-61.40084362,-62.39343205,-61.40209701,7.0652E-08
686,229,1,-94.199889,4.096783,-79.163342,250,125,20040306, 22:56:50.0000,-62.39226667,-61.3996,-62.39111333,-61.39706,-62.39168333,-61.39833333,9.50498E-08
686,230,1,-93.144234,5.224064,-79.164737,250,125,20040306, 22:57:50.0000,-62.39051332,-61.3958108,-62.3893,-61.3933,-62.3898975,-61.39454417,1.21204E-07
686,231,1,-96.973208,2.163271,-82.460638,250,125,20040306, 22:58:50.0000,-62.38869756,-61.3920435,-62.38749875,-61.38949667,-62.38809635,-61.39075937,5.01902E-08
686,232,1,-96.721178,2.292525,-84.399424,250,125,20040306, 22:59:30.0000,-62.38689967,-61.38828267,-62.38628299,-61.38703265,-62.38689967,-61.38828267,5.3189E-08
686,233,1,-95.19988,3.254197,-83.493583,250,125,20040306, 23:00:30.0000,-62.38568167,-61.38576375,-62.38453162,-61.3832799,-62.38509975,-61.38453275,7.55009E-08
686,234,1,-93.958492,4.330945,-82.416474,250,125,20040306, 23:01:30.0000,-62.38394966,-61.38204932,-62.38276302,-61.37947604,-62.3833475,-61.38077667,1.00483E-07
686,235,1,-95.546246,3.004742,-83.389414,250,125,20040306, 23:02:10.0000,-62.38214681,-61.37826029,-62.38151633,-61.37704942,-62.38214681,-61.37826029,6.97133E-08
686,236,1,-94.732191,3.624205,-82.606978,250,125,20040306, 23:03:10.0000,-62.38091633,-61.37583267,-62.37971333,-61.37334333,-62.38031317,-61.37459302,8.40855E-08
686,237,1,-94.372623,3.937037,-81.832425,250,125,20040306, 23:04:10.0000,-62.37911632,-61.37208274,-62.37791392,-61.36952692,-62.37851417,-61.37081,9.13435E-08
686,238,1,-95.239597,3.224573,-82.926118,250,125,20040306, 23:04:50.0000,-62.37732968,-61.36822604,-62.37673,-61.3669275,-62.37732968,-61.36822604,7.48136E-08
686,239,1,-95.095123,3.333647,-82.950812,250,125,20040306, 23:05:50.0000,-62.37614665,-61.3656433,-62.37498138,-61.36311325,-62.375563,-61.36436025,7.73442E-08
686,240,1,-93.986433,4.30317,-82.54073,250,125,20040306, 23:06:50.0000,-62.37438308,-61.36186608,-62.37318133,-61.35941317,-62.373783,-61.36064942,9.98382E-08
686,241,1,-94.123936,4.169061,-85.351427,250,125,20040306, 23:07:30.0000,-62.37258308,-61.35818267,-62.37198058,-61.35692692,-62.37258308,-61.35818267,9.67267E-08
686,242,1,-93.971029,4.318461,-82.61469,250,125,20040306, 23:08:30.0000,-62.37139974,-61.35568274,-62.37023187,-61.35316276,-62.37082998,-61.3544108,1.00193E-07
686,243,1,-93.81421,4.477245,-80.645893,250,125,20040306, 23:09:30.0000,-62.36964651,-61.35191056,-62.36844633,-61.349426,-62.36904967,-61.35068267,1.03877E-07
686,244,1,-94.516939,3.808359,-82.718191,250,125,20040306, 23:10:10.0000,-62.36784967,-61.34818275,-62.36723298,-61.34696605,-62.36784967,-61.34818275,8.83581E-08
686,245,1,-94.131144,4.162147,-81.308348,250,125,20040306, 23:11:10.0000,-62.36661633,-61.34571608,-62.36539967,-61.34321608,-62.36599726,-61.34446028,9.65663E-08
686,246,1,-93.865,4.425189,-82.325765,250,125,20040306, 23:12:10.0000,-62.36478179,-61.34192923,-62.36358308,-61.33938265,-62.364198,-61.34066267,1.02669E-07
686,247,1,-95.225251,3.235242,-82.700372,250,125,20040306, 23:12:50.0000,-62.3629652,-61.33812943,-62.36236632,-61.33686607,-62.3629652,-61.33812943,7.50611E-08
686,248,1,-95.041262,3.375248,-83.714435,250,125,20040306, 23:13:50.0000,-62.36174805,-61.3355961,-62.36049967,-61.333116,-62.36111633,-61.33436608,7.83094E-08
686,249,1,-95.759803,2.860563,-83.336126,250,125,20040306, 23:14:50.0000,-62.35988183,-61.33182983,-62.35864967,-61.329416,-62.35926633,-61.33061608,6.63681E-08
686,250,1,-95.539876,3.009153,-84.482533,250,125,20040306, 23:15:30.0000,-62.35801633,-61.32816608,-62.35739974,-61.32691598,-62.35801633,-61.32816608,6.98156E-08
686,251,1,-88.231127,16.192695,-68.756593,250,125,20040306, 23:16:30.0000,-62.356798,-61.325646,-62.35558299,-61.3230994,-62.35618183,-61.32436317,3.75688E-07
686,252,1,-97.584869,1.879078,-86.018063,250,125,20040306, 23:17:30.0000,-62.35496392,-61.32181025,-62.35376541,-61.31922998,-62.35438299,-61.32051598,4.35967E-08
686,253,1,-97.92105,1.739109,-84.790225,250,125,20040306, 23:18:10.0000,-62.35316632,-61.31796598,-62.35254967,-61.31669933,-62.35316632,-61.31796598,4.03492E-08
686,254,1,-86.106697,26.409622,-68.26168,250,125,20040306, 23:19:10.0000,-62.35194967,-61.315416,-62.35076642,-61.31288275,-62.35136632,-61.31414932,6.12732E-07
686,255,1,-91.748453,7.204213,-77.599287,250,125,20040306, 23:20:10.0000,-62.35018299,-61.31161598,-62.34898283,-61.3090655,-62.34958058,-61.310326,1.67146E-07
686,256,1,-93.3215,5.015125,-80.10792,250,125,20040306, 23:20:50.0000,-62.3483995,-61.30779883,-62.34781616,-61.30654881,-62.3483995,-61.30779883,1.16356E-07
686,257,1,-93.327282,5.008453,-82.859037,250,125,20040306, 23:21:50.0000,-62.34723282,-61.30531548,-62.34606616,-61.30286548,-62.34664933,-61.30409883,1.16202E-07
686,258,1,-93.99203,4.297628,-85.774683,250,125,20040306, 23:22:50.0000,-62.34549732,-61.30159374,-62.3443495,-61.299082,-62.344916,-61.30034883,9.97096E-08
686,259,1,-89.629886,11.733923,-74.527417,250,125,20040306, 23:23:30.0000,-62.34378267,-61.297782,-62.3431995,-61.29651533,-62.34378267,-61.297782,2.7224E-07
686,260,1,-89.830309,11.204718,-74.623942,250,125,20040306, 23:24:30.0000,-62.34263265,-61.29521531,-62.34146471,-61.29266324,-62.3420495,-61.29394867,2.59962E-07
686,261,1,-78.498859,152.246004,-57.931717,250,125,20040306, 23:25:30.0000,-62.34088282,-61.29143197,-62.33976617,-61.28888183,-62.34031615,-61.2901488,3.53227E-06
686,262,1,-96.111054,2.638314,-76.407788,250,125,20040306, 23:26:30.0000,-62.33919772,-61.28757878,-62.33804724,-61.28506022,-62.33863265,-61.2863153,6.12117E-08
686,263,1,-99.481939,1.214054,-84.387908,250,125,20040306, 23:27:10.0000,-62.33748283,-61.28379867,-62.33693265,-61.2825153,-62.33748283,-61.28379867,2.81674E-08
686,264,1,-101.121609,0.832283,-87.835763,250,125,20040306, 23:28:10.0000,-62.33634829,-61.28126268,-62.33514821,-61.27877915,-62.33574761,-61.28004581,1.93099E-08
686,265,1,-100.138845,1.043632,-88.638749,250,125,20040306, 23:29:10.0000,-62.33458154,-61.27751188,-62.33347974,-61.27502704,-62.33403058,-61.27626025,2.42134E-08
686,266,1,-98.875497,1.39599,-86.525608,250,125,20040306, 23:30:10.0000,-62.33291374,-61.27380984,-62.33178094,-61.27136248,-62.3323495,-61.27259883,3.23885E-08
686,267,1,-101.568408,0.750915,-89.304651,250,125,20040306, 23:30:50.0000,-62.33119714,-61.27012667,-62.33063265,-61.26888214,-62.33119714,-61.27012667,1.74221E-08
686,268,1,-102.340733,0.628577,-90.808725,250,125,20040306, 23:31:50.0000,-62.33006276,-61.26764317,-62.32891433,-61.26517925,-62.32948283,-61.266432,1.45837E-08
686,269,1,-102.510421,0.604491,-89.016598,250,125,20040306, 23:32:50.0000,-62.32833282,-61.26394863,-62.32716267,-61.26142533,-62.327746,-61.262692,1.40248E-08
686,270,1,-101.097918,0.836835,-88.825296,250,125,20040306, 23:33:50.0000,-62.3265993,-61.2601486,-62.32544714,-61.25757667,-62.32603158,-61.25884533,1.94155E-08
686,271,1,-98.424403,1.548786,-86.560793,250,125,20040306, 23:34:30.0000,-62.32484947,-61.25633211,-62.3242495,-61.25509883,-62.32484947,-61.25633211,3.59335E-08
686,272,1,-99.280722,1.271627,-87.309511,250,125,20040306, 23:35:30.0000,-62.32362952,-61.25384333,-62.32241276,-61.25137553,-62.32301614,-61.25261544,2.95031E-08
686,273,1,-96.206534,2.580943,-84.704519,250,125,20040306, 23:36:30.0000,-62.32181286,-61.25012667,-62.32061433,-61.24767867,-62.321216,-61.2489155,5.98807E-08
686,274,1,-98.611831,1.483367,-87.541577,250,125,20040306, 23:37:10.0000,-62.32003265,-61.24641547,-62.31944724,-61.2451593,-62.32003265,-61.24641547,3.44157E-08
686,275,1,-98.347241,1.57655,-86.621915,250,125,20040306, 23:38:10.0000,-62.31887943,-61.24390984,-62.31769631,-61.24137596,-62.318296,-61.242643,3.65777E-08
686,276,1,-93.624692,4.676949,-76.549367,250,125,20040306, 23:39:10.0000,-62.31711267,-61.24012533,-62.31596365,-61.23760963,-62.31653158,-61.23886258,1.0851E-07
686,277,1,-90.145016,10.421501,-70.910405,250,125,20040306, 23:39:50.0000,-62.31541617,-61.23634883,-62.31483158,-61.23509592,-62.31541617,-61.23634883,2.4179E-07
686,278,1,-99.36993,1.245773,-87.320661,250,125,20040306, 23:40:50.0000,-62.31424949,-61.2338653,-62.31306256,-61.23142615,-62.3136493,-61.23266544,2.89033E-08
686,279,1,-95.030554,3.38358,-77.907685,250,125,20040306, 23:41:50.0000,-62.31246276,-61.2301922,-62.31131254,-61.22767508,-62.31187933,-61.228943,7.85027E-08
686,280,1,-96.971425,2.16416,-81.682503,250,125,20040306, 23:42:50.0000,-62.31074921,-61.22638124,-62.30961357,-61.22384175,-62.310179,-61.22510908,5.02108E-08
686,281,1,-92.121272,6.611571,-74.874436,250,125,20040306, 23:43:30.0000,-62.30906615,-61.22256547,-62.30851487,-61.22126188,-62.30906615,-61.22256547,1.53396E-07
686,282,1,-91.493713,7.639423,-73.562895,250,125,20040306, 23:44:30.0000,-62.30796367,-61.219942,-62.30683008,-61.21742575,-62.30739921,-61.21866482,1.77243E-07
686,283,1,-85.550446,30.018377,-65.579737,250,125,20040306, 23:45:30.0000,-62.30624707,-61.21619317,-62.30511342,-61.21375908,-62.30568153,-61.21499579,6.96459E-07
686,284,1,-92.155342,6.559906,-81.499873,250,125,20040306, 23:46:30.0000,-62.30458099,-61.21251198,-62.30349577,-61.20997488,-62.30404921,-61.21123123,1.52197E-07
686,285,1,-93.215116,5.139492,-84.907295,250,125,20040306, 23:47:10.0000,-62.3029301,-61.20870804,-62.30238254,-61.20743149,-62.3029301,-61.20870804,1.19242E-07
686,286,1,-91.551539,7.538379,-79.381998,250,125,20040306, 23:48:10.0000,-62.30184675,-61.20614133,-62.30098197,-61.20322718,-62.3013635,-61.20474049,1.74899E-07
686,287,1,-91.297604,7.992293,-82.600143,250,125,20040306, 23:49:10.0000,-62.30071558,-61.20159025,-62.30024974,-61.1983807,-62.300466,-61.19999333,1.8543E-07
686,288,1,-91.011615,8.536313,-80.911516,250,125,20040306, 23:50:10.0000,-62.30004974,-61.19674737,-62.29959863,-61.19350983,-62.29983122,-61.19513943,1.98052E-07
686,289,1,-90.236487,10.204298,-80.166463,250,125,20040306, 23:51:10.0000,-62.29938122,-61.19188943,-62.29893197,-61.1886765,-62.2991646,-61.19030635,2.36751E-07
686,290,1,-91.452444,7.712363,-82.150239,250,125,20040306, 23:52:10.0000,-62.29873224,-61.18708911,-62.29833307,-61.1838807,-62.29853228,-61.18547276,1.78935E-07
686,291,1,-91.177292,8.216799,-81.690472,250,125,20040306, 23:53:10.0000,-62.29811558,-61.18230692,-62.29768117,-61.17920583,-62.29789897,-61.18074071,1.90639E-07
686,292,1,-92.924078,5.495713,-83.820231,250,125,20040306, 23:54:10.0000,-62.29746598,-61.17765983,-62.297016,-61.17451067,-62.29723225,-61.1760725,1.27506E-07
686,293,1,-93.370943,4.958354,-77.71773,250,125,20040306, 23:55:10.0000,-62.29681641,-61.17293077,-62.2964153,-61.16987786,-62.296616,-61.17139333,1.15039E-07
686,294,1,-92.6376,5.870456,-83.999243,250,125,20040306, 23:56:10.0000,-62.29613117,-61.168458,-62.29554974,-61.16574763,-62.2958487,-61.16707813,1.36201E-07
686,295,1,-94.324976,3.980469,-85.990741,250,125,20040306, 23:57:10.0000,-62.29528268,-61.16441146,-62.29468282,-61.16193154,-62.29499783,-61.16317467,9.23512E-08
686,296,1,-91.839531,7.054704,-83.072868,250,125,20040306, 23:58:10.0000,-62.2944487,-61.16067878,-62.29364892,-61.15714133,-62.29416537,-61.15952878,1.63677E-07
686,297,1,-84.87042,35.106683,-65.223251,250,125,20040306, 23:59:30.0000,-62.2933987,-61.15591211,-62.29288118,-61.15349245,-62.29313267,-61.154712,8.14513E-07
686,298,1,-91.62415,7.413389,-82.226351,250,125,20040307, 00:00:30.0000,-62.2926495,-61.15228158,-62.29191563,-61.14864278,-62.29239863,-61.15107855,1.71999E-07
686,299,1,-91.543477,7.552386,-83.163595,250,125,20040307, 00:01:50.0000,-62.29168283,-61.14746492,-62.29093308,-61.14388154,-62.29144892,-61.14629242,1.75224E-07
686,300,1,-92.322309,6.312494,-83.987446,250,125,20040307, 00:03:10.0000,-62.29068116,-61.14262462,-62.2902145,-61.14019242,-62.29043222,-61.14137556,1.46457E-07
686,301,1,-91.378209,7.845326,-82.665686,250,125,20040307, 00:04:10.0000,-62.28998101,-61.13900854,-62.28924867,-61.13557867,-62.28973222,-61.13786,1.8202E-07
686,302,1,-92.401679,6.198176,-82.533295,250,125,20040307, 00:05:30.0000,-62.28898217,-61.1344097,-62.28829933,-61.13111433,-62.28874891,-61.13329238,1.43804E-07
686,303,1,-94.367266,3.941897,-81.753166,250,125,20040307, 00:06:50.0000,-62.28806632,-61.13006421,-62.2874323,-61.12689378,-62.28784883,-61.12900967,9.14563E-08
686,304,1,-94.655153,3.689067,-83.108636,250,125,20040307, 00:08:30.0000,-62.28723101,-61.12587637,-62.28653222,-61.12207667,-62.28688299,-61.12391462,8.55903E-08
686,305,1,-93.656442,4.642882,-82.34833,250,125,20040307, 00:10:10.0000,-62.28634923,-61.12119615,-62.28574925,-61.11783033,-62.28601667,-61.11947958,1.0772E-07
686,306,1,-93.357913,4.973252,-82.942674,250,125,20040307, 00:12:10.0000,-62.28559889,-61.11707889,-62.28466632,-61.11371564,-62.28511592,-61.11516367,1.15385E-07
686,307,1,-93.041527,5.349081,-82.31525,250,125,20040307, 00:14:50.0000,-62.28451632,-61.11321561,-62.28349966,-61.10939932,-62.28413258,-61.11136442,1.24104E-07
686,308,1,-92.802592,5.651616,-81.881721,250,125,20040307, 00:18:10.0000,-62.28333258,-61.10909925,-62.28245,-61.10581517,-62.28288333,-61.10776433,1.31124E-07
686,309,1,-90.992152,8.574654,-68.422667,250,125,20040307, 00:22:10.0000,-62.28234881,-61.10549762,-62.28126667,-61.102165,-62.28176667,-61.10376429,1.98941E-07
686,310,1,-95.205908,3.249683,-79.888363,250,125,20040307, 00:26:30.0000,-62.28119883,-61.10188099,-62.28014917,-61.098615,-62.28071623,-61.10021579,7.53962E-08
686,311,1,-94.79314,3.573698,-80.259097,250,125,20040307, 00:30:50.0000,-62.28006583,-61.09834833,-62.2789825,-61.09504833,-62.27954917,-61.09664833,8.29136E-08
686,312,1,-95.315616,3.168621,-80.830329,250,125,20040307, 00:35:10.0000,-62.27889875,-61.09478083,-62.27806623,-61.09126623,-62.27848333,-61.09318081,7.35154E-08
686,313,1,-88.540954,15.077745,-62.536704,250,125,20040307, 00:40:10.0000,-62.278,-61.09101581,-62.27711616,-61.08754949,-62.2776154,-61.08934873,3.4982E-07
686,314,1,-95.444816,3.075744,-77.75247,250,125,20040307, 00:45:10.0000,-62.27703333,-61.08729949,-62.27609949,-61.08366564,-62.27661667,-61.08556537,7.13606E-08
686,315,1,-94.062874,4.228092,-72.652387,250,125,20040307, 00:49:50.0000,-62.27603242,-61.08334817,-62.27496667,-61.08028203,-62.27554867,-61.081982,9.80963E-08
686,316,1,-93.072551,5.311005,-70.888466,250,125,20040307, 00:54:30.0000,-62.27488242,-61.07999817,-62.273932,-61.07676533,-62.274432,-61.07839867,1.23221E-07
686,317,1,-91.725274,7.242767,-65.742112,250,125,20040307, 00:59:30.0000,-62.27383333,-61.07656401,-62.27285,-61.07308217,-62.2734,-61.07503283,1.6804E-07
686,318,1,-96.579615,2.368483,-81.090574,250,125,20040307, 01:04:50.0000,-62.27274942,-61.07283217,-62.27173333,-61.0695488,-62.27225,-61.071064,5.49514E-08
